<?xml version="1.0"?>
<data grt_format="2.0">
  <value _ptr_="000001852B4E0370" type="list" content-type="object" content-struct-name="db.mgmt.Connection">
    <value type="object" struct-name="db.mgmt.Connection" id="{5ED2B97E-F1DC-4B23-BF94-A9A2D6B07C73}" struct-checksum="0x96ba47d8">
      <link type="object" struct-name="db.mgmt.Driver" key="driver">com.mysql.rdbms.mysql.driver.native</link>
      <value type="string" key="hostIdentifier">Mysql@localhost:3306</value>
      <value type="int" key="isDefault">1</value>
      <value _ptr_="0000018531377B10" type="dict" key="modules"/>
      <value _ptr_="0000018531377ED0" type="dict" key="parameterValues">
        <value type="string" key="DbSqlEditor:LastDefaultSchema">next_data_base</value>
        <value type="string" key="SQL_MODE"></value>
        <value type="string" key="hostName">localhost</value>
        <value type="int" key="lastConnected">1708127331</value>
        <value type="string" key="password"></value>
        <value type="int" key="port">3306</value>
        <value type="string" key="schema"></value>
        <value type="string" key="serverVersion">8.0.36</value>
        <value type="string" key="sslCA"></value>
        <value type="string" key="sslCert"></value>
        <value type="string" key="sslCipher"></value>
        <value type="string" key="sslKey"></value>
        <value type="int" key="useSSL">1</value>
        <value type="string" key="userName">root</value>
      </value>
      <value type="string" key="name">Local instance MySQL80</value>
      <link type="object" struct-name="GrtObject" key="owner">{2448BFAC-D8AF-4843-89DD-2A65AE79BDF1}</link>
    </value>
  </value>
</data>
